﻿<?xml version="1.0" encoding="utf-8" standalone="yes" ?>
<Window size="440,284" caption="0,0,0,40" roundcorner="5,5">
    <VerticalLayout name="bg" bkimage="file=&apos;boxbk.png&apos; corner=&apos;280,180,5,5&apos;">
        <VerticalLayout name="frame" bkimage="file=&apos;comm\border.png&apos; corner=&apos;5,5,5,5&apos;" inset="1,0,1,1">
            <HorizontalLayout height="40">
                <HorizontalLayout height="40" />
                <HorizontalLayout width="38" height="40">
                    <Button name="btnclose" float="true" pos="0,0,0,0" width="39" height="19" textcolor="#FF000000" disabledtextcolor="#FFA7A6AA" align="center" normalimage="comm\btn_close_normal.png" hotimage="comm\btn_close_highlight.png" pushedimage="comm\btn_close_down.png" />
                </HorizontalLayout>
            </HorizontalLayout>
            <HorizontalLayout bkcolor="#FFFFFFFF" bkcolor2="#00FFFFFF">
                <VerticalLayout>
                    <Label text="{c #386382}iUMe 是由sujn开发的一款开源阅读器程序，界面美观，简单易用{/c}" float="true" pos="15,98,0,0" width="406" height="30" textcolor="#FF000000" disabledtextcolor="#FFA7A6AA" showhtml="true" />
                    <Label text="{p}{c #386382}软件采用duilib开源界面库开发，非常感谢duilib开发组{/c}{/p}" float="true" pos="15,127,0,0" width="406" height="30" textcolor="#FF000000" disabledtextcolor="#FFA7A6AA" showhtml="true" />
                    <Button text="{u}{a}访问 iUMe 官方论坛{/a}{/u}" float="true" pos="15,156,0,0" width="113" height="30" textcolor="#FF000000" disabledtextcolor="#FFA7A6AA" showhtml="true" align="center" />
                    <Control float="true" pos="15,18,0,0" width="64" height="64" bkimage="iUMe_64.png" />
                    <Label text="{u}{b}&lt;x 5&gt;iUMe 阅读器{/b}{/u}" float="true" pos="78,36,0,0" width="337" height="30" textcolor="#FF000000" disabledtextcolor="#FFA7A6AA" showhtml="true" />
                </VerticalLayout>
            </HorizontalLayout>
            <VerticalLayout height="5" bkimage="file=&apos;line\HorizonLine.png&apos; corner=&apos;1,1,80,1&apos;" />
            <VerticalLayout height="35">
                <HorizontalLayout>
                    <HorizontalLayout height="35" />
                    <HorizontalLayout width="103" height="35">
                        <Button name="btnsure" text="确定" float="true" pos="5,4,0,0" width="82" height="25" textcolor="#FF000000" disabledtextcolor="#FFA7A6AA" align="center" normalimage="file=&apos;button\login_btn_normal.png&apos; corner=&apos;5,5,5,5&apos;" hotimage="file=&apos;button\login_btn_highlight.png&apos; corner=&apos;5,5,5,5&apos;" pushedimage="file=&apos;button\login_btn_focus.png&apos; corner=&apos;5,5,5,5&apos;" disabledimage="file=&apos;button\login_btn_normal.png&apos; corner=&apos;5,5,5,5&apos;" />
                    </HorizontalLayout>
                </HorizontalLayout>
            </VerticalLayout>
        </VerticalLayout>
    </VerticalLayout>
</Window>
