﻿<?xml version="1.0" encoding="utf-8" standalone="yes" ?>
<Window size="809,541" sizebox="4,4,4,4" caption="0,0,0,40" mininfo="800,500" roundcorner="5,5">
    <Include source="scrollbar.xml" />
    <VerticalLayout name="bg" bkimage="file=&apos;frame\09.jpg&apos; corner=&apos;600,200,1,1&apos;">
        <VerticalLayout name="frame" bkimage="file=&apos;comm\border.png&apos; corner=&apos;5,5,5,5&apos;" inset="1,0,1,1">
            <HorizontalLayout name="toolbar" height="40">
                <HorizontalLayout height="40" />
                <HorizontalLayout width="145" height="40">
                    <Button name="btnmin" tooltip="最小化" float="true" pos="54,0,0,0" width="28" height="19" textcolor="#FF000000" disabledtextcolor="#FFA7A6AA" align="center" normalimage="comm\btn_mini_normal.png" hotimage="comm\btn_mini_highlight.png" pushedimage="comm\btn_mini_down.png" />
                    <Button name="btnmax" tooltip="最大化" float="true" pos="81,0,0,0" width="28" height="19" textcolor="#FF000000" disabledtextcolor="#FFA7A6AA" align="center" normalimage="comm\btn_max_normal.png" hotimage="comm\btn_max_highlight.png" pushedimage="comm\btn_max_down.png" />
                    <Button name="btnrestore" tooltip="还原" visible="false" float="true" pos="81,0,0,0" width="28" height="19" textcolor="#FF000000" disabledtextcolor="#FFA7A6AA" align="center" normalimage="comm\btn_restore_normal.png" hotimage="comm\btn_restore_highlight.png" pushedimage="comm\btn_restore_down.png" />
                    <Button name="btnclose" tooltip="关闭" float="true" pos="108,0,0,0" width="39" height="19" textcolor="#FF000000" disabledtextcolor="#FFA7A6AA" align="center" normalimage="comm\btn_close_normal.png" hotimage="comm\btn_close_highlight.png" pushedimage="comm\btn_close_down.png" />
                    <Button name="btnmenu" tooltip="系统菜单" float="true" pos="0,0,0,0" width="28" height="19" textcolor="#FF000000" disabledtextcolor="#FFA7A6AA" align="center" normalimage="comm\btn_menu_normal.png" hotimage="comm\btn_menu_highlight.png" pushedimage="comm\btn_menu_down.png" />
                    <Button name="btnskin" tooltip="换肤" float="true" pos="27,0,0,0" width="28" height="19" textcolor="#FF000000" disabledtextcolor="#FFA7A6AA" align="center" normalimage="comm\btn_Skin_normal.png" hotimage="comm\btn_Skin_highlight.png" pushedimage="comm\btn_Skin_down.png" />
                </HorizontalLayout>
            </HorizontalLayout>
            <VerticalLayout bkcolor="#FFFFFFFF" bkcolor2="#00FFFFFF">
                <HorizontalLayout name="searchbar" height="25">
                    <HorizontalLayout height="25">
                        <Edit name="edtsearch" text="搜索本地书籍、应用程序和网页信息等" height="25" bkcolor="#FFFFFFFF" textpadding="4,3,4,3" textcolor="#FF000000" disabledtextcolor="#FFA7A6AA" />
                    </HorizontalLayout>
                    <HorizontalLayout name="searchitem" width="25" height="25" bkcolor="#FFFFFFFF">
                        <Button name="btnsearch" tooltip="搜索" float="true" pos="2,1,0,0" width="22" height="22" textcolor="#FF000000" disabledtextcolor="#FFA7A6AA" align="center" normalimage="icon_search_normal.png" hotimage="icon_search_hover.png" pushedimage="icon_search_press.png" />
                    </HorizontalLayout>
                </HorizontalLayout>
                <VerticalLayout height="1" />
                <HorizontalLayout>
                    <VerticalLayout width="45" bkcolor="#FF969696">
                        <Button name="btnhome" tooltip="首页" float="true" pos="6,14,0,0" width="32" height="32" bkimage="360QMachine.png" textcolor="#FF000000" disabledtextcolor="#FFA7A6AA" align="center" hotimage="file=&apos;hover\allbtn_highlight.png&apos; corner=&apos;5,5,5,5&apos;" />
                        <Button name="btnbook" tooltip="书城" float="true" pos="6,63,0,0" width="32" height="32" bkimage="360SandBox.png" textcolor="#FF000000" disabledtextcolor="#FFA7A6AA" align="center" hotimage="file=&apos;hover\allbtn_highlight.png&apos; corner=&apos;5,5,5,5&apos;" />
                        <Button name="btnapp" tooltip="应用" float="true" pos="6,112,0,0" width="32" height="32" bkimage="360himmu.png" textcolor="#FF000000" disabledtextcolor="#FFA7A6AA" align="center" hotimage="file=&apos;hover\allbtn_highlight.png&apos; corner=&apos;5,5,5,5&apos;" />
                    </VerticalLayout>
                    <TabLayout name="tabclient">
                        <HorizontalLayout name="tab_01">
                            <WebBrowser name="homepage" />
                        </HorizontalLayout>
                        <VerticalLayout name="tab_02">
                            <HorizontalLayout height="28">
                                <HorizontalLayout name="IContainer" height="28">
                                    <HorizontalLayout name="tbItem" maxwidth="174">
                                        <HorizontalLayout width="5" />
                                        <Option name="tbOptHome" text="首页" height="28" textcolor="#FF000000" disabledtextcolor="#FFA7A6AA" align="center" normalimage="file=&apos;tab\tabbar_normal.png&apos; corner=&apos;5,5,5,5&apos;" hotimage="file=&apos;tab\tabbar_hover.png&apos; corner=&apos;5,5,5,5&apos;" pushedimage="file=&apos;tab\tabbar_pushed.png&apos; corner=&apos;5,5,5,5&apos;" group="group1" selected="true" selectedimage="file=&apos;tab\tabbar_pushed.png&apos; corner=&apos;5,5,5,5&apos;" />
                                    </HorizontalLayout>
                                </HorizontalLayout>
                                <HorizontalLayout width="48" height="28">
                                    <Button name="lefttab" float="true" pos="4,5,0,0" width="18" height="18" textcolor="#FF000000" disabledtextcolor="#FFA7A6AA" align="center" normalimage="position\main_tabbtn_leftnormal.png" hotimage="position\main_tabbtn_lefthighlight.png" />
                                    <Button name="righttab" float="true" pos="25,5,0,0" width="18" height="18" textcolor="#FF000000" disabledtextcolor="#FFA7A6AA" align="center" normalimage="position\main_tabbtn_rightnormal.png" hotimage="position\main_tabbtn_righthighlight.png" />
                                </HorizontalLayout>
                            </HorizontalLayout>
                            <HorizontalLayout>
                                <TabLayout name="tabbook">
                                    <VerticalLayout>   
                                        <HorizontalLayout name="nobook"> 
                                            <Label float="false" align="center" text="{b}您的书架没有找到任何书籍{/b}" textcolor="#FFFF0000" showhtml="true" />
                                        </HorizontalLayout>                                     
                                        <BookClient name="bookpage" vscrollbar="true" />
                                        <HorizontalLayout height="2" bkimage="file=&apos;line\HorizonLine.png&apos; corner=&apos;1,1,80,1&apos;" />
                                        <HorizontalLayout height="30">
                                            <HorizontalLayout height="30" />
                                            <HorizontalLayout width="220" height="30">
                                                <Button name="btnAddBook" text="添加书籍" float="true" pos="20,3,0,0" width="69" height="26" textcolor="#FF000000" disabledtextcolor="#FFA7A6AA" align="center" normalimage="file=&apos;button\button-normal.png&apos; corner=&apos;2,2,2,2&apos;" hotimage="file=&apos;button\button-hold.png&apos; corner=&apos;2,2,2,2&apos;" pushedimage="file=&apos;button\button-click.png&apos; corner=&apos;2,2,2,2&apos;" />
                                                <Button name="btnDelBook" text="编辑书籍" float="true" pos="115,3,0,0" width="69" height="26" textcolor="#FF000000" disabledtextcolor="#FFA7A6AA" align="center" normalimage="file=&apos;button\button-normal.png&apos; corner=&apos;2,2,2,2&apos;" hotimage="file=&apos;button\button-hold.png&apos; corner=&apos;2,2,2,2&apos;" pushedimage="file=&apos;button\button-click.png&apos; corner=&apos;2,2,2,2&apos;" />
                                            </HorizontalLayout>
                                        </HorizontalLayout>
                                    </VerticalLayout>
                                </TabLayout>
                            </HorizontalLayout>
                        </VerticalLayout>
                        <VerticalLayout name="tab_03">
                            <VerticalLayout>
                                <AppClient name="application" vscrollbar="true" />
                            </VerticalLayout>
                            <HorizontalLayout height="2" bkimage="file=&apos;line\HorizonLine.png&apos; corner=&apos;1,1,80,1&apos;" />
                            <HorizontalLayout height="30">
                                <HorizontalLayout height="30" />
                                <HorizontalLayout width="220" height="30">
                                    <Button name="btnAddApp" text="添加应用" float="true" pos="20,3,0,0" width="69" height="26" textcolor="#FF000000" disabledtextcolor="#FFA7A6AA" align="center" normalimage="file=&apos;button\button-normal.png&apos; corner=&apos;2,2,2,2&apos;" hotimage="file=&apos;button\button-hold.png&apos; corner=&apos;2,2,2,2&apos;" pushedimage="file=&apos;button\button-click.png&apos; corner=&apos;2,2,2,2&apos;" />
                                    <Button name="btnDelApp" text="编辑应用" float="true" pos="115,3,0,0" width="69" height="26" textcolor="#FF000000" disabledtextcolor="#FFA7A6AA" align="center" normalimage="file=&apos;button\button-normal.png&apos; corner=&apos;2,2,2,2&apos;" hotimage="file=&apos;button\button-hold.png&apos; corner=&apos;2,2,2,2&apos;" pushedimage="file=&apos;button\button-click.png&apos; corner=&apos;2,2,2,2&apos;" />
                                </HorizontalLayout>
                            </HorizontalLayout>
                        </VerticalLayout>
                    </TabLayout>
                </HorizontalLayout>
            </VerticalLayout>
            <HorizontalLayout height="30">
                <HorizontalLayout width="164" height="30">
                    <Label text="当前版本:" float="true" pos="5,0,0,0" width="58" height="30" textcolor="#FF000000" disabledtextcolor="#FFA7A6AA" />
                    <Label text="v1.0.1.0001" float="true" pos="72,0,0,0" width="76" height="30" textcolor="#FF000000" disabledtextcolor="#FFA7A6AA" normalimage="file=&apos;button\button-normal.png&apos; corner=&apos;2,2,2,2&apos;" hotimage="file=&apos;button\button-hold.png&apos; corner=&apos;2,2,2,2&apos;" pushedimage="file=&apos;button\button-click.png&apos; corner=&apos;2,2,2,2&apos;" />
                </HorizontalLayout>
                <HorizontalLayout />
                <HorizontalLayout width="66" height="30" />
            </HorizontalLayout>
        </VerticalLayout>
    </VerticalLayout>
</Window>
