<?xml version="1.0" encoding="utf-8" standalone="yes" ?>
<Window size="750,450" caption="0,0,0,40" roundcorner="5,5">
    <VerticalLayout name="bg" bkimage="guide\00.jpg">
        <VerticalLayout name="frame" bkimage="file=&apos;comm\border.png&apos; corner=&apos;5,5,5,5&apos;" inset="1,0,1,1">
            <HorizontalLayout height="40">
                <HorizontalLayout height="40" />
                <HorizontalLayout width="38" height="40">
                    <Button name="btnclose" float="true" pos="0,0,0,0" width="39" height="19" textcolor="#FF000000" disabledtextcolor="#FFA7A6AA" align="center" normalimage="comm\btn_close_normal.png" hotimage="comm\btn_close_highlight.png" pushedimage="comm\btn_close_down.png" />
                </HorizontalLayout>
            </HorizontalLayout>
            <HorizontalLayout bkcolor="#FFFFFFFF" bkcolor2="#00FFFFFF">
                <VerticalLayout width="30">
                    <Container />
                    <Container width="30" height="23">
                        <Button name="btnleft" float="true" pos="16,0,0,0" width="14" height="23" textcolor="#FF000000" disabledtextcolor="#FFA7A6AA" align="center" normalimage="position\left_normal.png" hotimage="position\left_over.png" pushedimage="position\left_down.png" />
                    </Container>
                    <Container />
                </VerticalLayout>
                <VerticalLayout />
                <VerticalLayout width="30">
                    <Container />
                    <Container width="30" height="23">
                        <Button name="btnright" float="true" pos="0,0,0,0" width="14" height="23" textcolor="#FF000000" disabledtextcolor="#FFA7A6AA" align="center" normalimage="position\right_normal.png" hotimage="position\right_over.png" pushedimage="position\right_down.png" />
                    </Container>
                    <Container />
                </VerticalLayout>
            </HorizontalLayout>
            <HorizontalLayout height="30">
                <Label name="current" text="{i normal.png}{x 10}{i cur.png}{x 10}{i normal.png}" textcolor="#FF000000" disabledtextcolor="#FFA7A6AA" showhtml="true" align="center" />
            </HorizontalLayout>
        </VerticalLayout>
    </VerticalLayout>
</Window>
