﻿<?xml version="1.0" encoding="utf-8" standalone="yes" ?>
<Window size="589,435">
    <VerticalLayout>
        <HorizontalLayout>
            <HorizontalLayout width="8" bkcolor="#FFFFFFFF">
                <Button name="btnPrev" tooltip="上一页" textcolor="#FF000000" disabledtextcolor="#FFA7A6AA" align="center" hotimage="file=&apos;aio_flexright_normal.png&apos; corner=&apos;2,2,2,2&apos;" />
            </HorizontalLayout>
            <RichEdit name="editBook" enabled="false" bkcolor="#FFFFFFFF" multiline="true" vscrollbar="true" autovscroll="true" rich="true" readonly="true" />
            <HorizontalLayout width="8" bkcolor="#FFFFFFFF">
                <Button name="btnNext" tooltip="下一页" textcolor="#FF000000" disabledtextcolor="#FFA7A6AA" align="center" hotimage="file=&apos;aio_flexleft_normal.png&apos; corner=&apos;2,2,2,2&apos;" />
            </HorizontalLayout>
        </HorizontalLayout>
        <VerticalLayout height="20" bkcolor="#FFFFFFFF">
            <Slider name="percent" tooltip="0.0%" height="20" bkimage="slider\SliderBack.png" textcolor="#FF000000" disabledtextcolor="#FFA7A6AA" align="center" foreimage="slider\SliderFore.png" min="0" max="1000" value="0" hor="true" thumbhotimage="file=&apos;slider\SliderBar.png&apos; source=&apos;21,0,41,20&apos;" thumbpushedimage="file=&apos;slider\SliderBar.png&apos; source=&apos;42,0,62,20&apos;" thumbsize="20,20" />
        </VerticalLayout>
    </VerticalLayout>
</Window>
