﻿<?xml version="1.0" encoding="utf-8" standalone="yes" ?>
<Window size="423,288" caption="0,0,0,40" roundcorner="5,5">
    <VerticalLayout name="bg" bkcolor="#FF00C0FF">
        <VerticalLayout name="frame" bkimage="file=&apos;comm\border.png&apos; corner=&apos;5,5,5,5&apos;" inset="1,0,1,1">
            <HorizontalLayout height="40">
                <HorizontalLayout height="40" />
                <HorizontalLayout width="65" height="30">
                    <Button name="btnmin" tooltip="最小化" float="true" pos="0,0,0,0" width="28" height="19" textcolor="#FF000000" disabledtextcolor="#FFA7A6AA" align="center" normalimage="comm\btn_mini_normal.png" hotimage="comm\btn_mini_highlight.png" pushedimage="comm\btn_mini_down.png" />
                    <Button name="btnclose" tooltip="关闭" float="true" pos="27,0,0,0" width="39" height="19" textcolor="#FF000000" disabledtextcolor="#FFA7A6AA" align="center" normalimage="comm\btn_close_normal.png" hotimage="comm\btn_close_highlight.png" pushedimage="comm\btn_close_down.png" />
                </HorizontalLayout>
            </HorizontalLayout>
            <VerticalLayout bkcolor="#FFFFFFFF" bkcolor2="#00FFFFFF" />
            <HorizontalLayout height="30" bkcolor="#FFFFFFFF">
                <HorizontalLayout height="30">
                    <Label text="登录失败。错误代码 0x00000010" height="30" textcolor="#FF000000" disabledtextcolor="#FFA7A6AA" align="center" />
                </HorizontalLayout>
                <HorizontalLayout width="10" height="30">
                    <Button float="true" pos="1,1,0,0" width="8" height="8" textcolor="#FF000000" disabledtextcolor="#FFA7A6AA" align="center" normalimage="file=&apos;delete_item.bmp&apos; source=&apos;0,0,8,8&apos;" hotimage="file=&apos;delete_item.bmp&apos; source=&apos;8,0,16,8&apos;" pushedimage="file=&apos;delete_item.bmp&apos; source=&apos;16,0,24,8&apos;" />
                </HorizontalLayout>
            </HorizontalLayout>
            <HorizontalLayout height="30" />
        </VerticalLayout>
    </VerticalLayout>
</Window>
