<?xml version="1.0" encoding="utf-8" standalone="yes" ?>
<Window size="651,133" caption="0,0,0,40" roundcorner="5,5">
    <VerticalLayout name="bg" width="652" height="118" bkimage="file=&apos;boxbk.png&apos; corner=&apos;280,180,5,5&apos;">
        <VerticalLayout name="frame" bkimage="file=&apos;comm\border.png&apos; corner=&apos;5,5,5,5&apos;" inset="1,0,1,1">
            <HorizontalLayout height="40">
                <HorizontalLayout height="40">
                    <Label name="title" textpadding="6,0,0,0" textcolor="#FF000000" disabledtextcolor="#FFA7A6AA" />
                </HorizontalLayout>
                <HorizontalLayout width="38" height="40">
                    <Button name="btnclose" float="true" pos="0,0,0,0" width="39" height="19" textcolor="#FF000000" disabledtextcolor="#FFA7A6AA" align="center" normalimage="comm\btn_close_normal.png" hotimage="comm\btn_close_highlight.png" pushedimage="comm\btn_close_down.png" />
                </HorizontalLayout>
            </HorizontalLayout>
            <HorizontalLayout>
                <HorizontalLayout width="129" height="62">
                    <Control name="imgHint" float="true" pos="44,1,0,0" width="60" height="60" bkimage="hint.png" />
                </HorizontalLayout>
                <HorizontalLayout>
                    <Label name="value" textcolor="#FF000000" disabledtextcolor="#FFA7A6AA" />
                </HorizontalLayout>
            </HorizontalLayout>
            <HorizontalLayout height="40">
                <HorizontalLayout height="40" />
                <HorizontalLayout name="btnbar_01" visible="false" width="100" height="40">
                    <Button name="btnID_01" float="true" pos="12,1,0,0" width="76" height="28" textcolor="#FF000000" disabledtextcolor="#FFA7A6AA" align="center" normalimage="button\button_normal.png" hotimage="button\button_hover.png" pushedimage="button\button_press.png" />
                </HorizontalLayout>
                <HorizontalLayout name="btnbar_02" visible="false" width="100" height="40">
                    <Button name="btnID_02" float="true" pos="12,1,0,0" width="76" height="28" textcolor="#FF000000" disabledtextcolor="#FFA7A6AA" align="center" normalimage="button\button_normal.png" hotimage="button\button_hover.png" pushedimage="button\button_press.png" />
                </HorizontalLayout>
                <HorizontalLayout name="btnbar_03" visible="false" width="112" height="40">
                    <Button name="btnID_03" float="true" pos="12,1,0,0" width="76" height="28" textcolor="#FF000000" disabledtextcolor="#FFA7A6AA" align="center" normalimage="button\button_normal.png" hotimage="button\button_hover.png" pushedimage="button\button_press.png" />
                </HorizontalLayout>
            </HorizontalLayout>
        </VerticalLayout>
    </VerticalLayout>
</Window>
