﻿<?xml version="1.0" encoding="utf-8" standalone="yes" ?>
<Window size="669,488" caption="0,0,0,40" roundcorner="5,5">
    <Include source="scrollbar.xml" />
    <VerticalLayout name="bg" bkimage="file=&apos;boxbk.png&apos; corner=&apos;280,180,5,5&apos;">
        <VerticalLayout name="frame" bkimage="file=&apos;comm\border.png&apos; corner=&apos;5,5,5,5&apos;" inset="1,0,1,1">
            <HorizontalLayout height="40">
                <HorizontalLayout height="40" />
                <HorizontalLayout width="64" height="30">
                    <Button name="btnmin" float="true" pos="0,0,0,0" width="28" height="19" textcolor="#FF000000" disabledtextcolor="#FFA7A6AA" align="center" normalimage="comm\btn_mini_normal.png" hotimage="comm\btn_mini_highlight.png" pushedimage="comm\btn_mini_down.png" />
                    <Button name="btnclose" float="true" pos="27,0,0,0" width="39" height="19" textcolor="#FF000000" disabledtextcolor="#FFA7A6AA" align="center" normalimage="comm\btn_close_normal.png" hotimage="comm\btn_close_highlight.png" pushedimage="comm\btn_close_down.png" />
                </HorizontalLayout>
            </HorizontalLayout>
            <HorizontalLayout bkcolor="#FFFFFFFF" bkcolor2="#00FFFFFF">
                <VerticalLayout width="187" height="412" bkcolor="#FFFFFFFF">
                    <Option name="opt_basic" text="基本设置" float="true" pos="5,8,0,0" width="176" height="30" textcolor="#FF000000" disabledtextcolor="#FFA7A6AA" align="center" normalimage="file=&apos;button\BtnBackgroundNormal.png&apos; corner=&apos;2,2,22,2&apos;" hotimage="file=&apos;hover\frameBorderEffect_mouseDownDraw.png&apos; corner=&apos;5,5,20,5&apos;" group="gsetup" selectedimage="file=&apos;button\BtnBackgroundPushed.png&apos; corner=&apos;2,2,22,2&apos;" selected="true" />
                    <Option name="opt_read" text="阅读设置" float="true" pos="5,41,0,0" width="176" height="30" textcolor="#FF000000" disabledtextcolor="#FFA7A6AA" align="center" normalimage="file=&apos;button\BtnBackgroundNormal.png&apos; corner=&apos;2,2,22,2&apos;" hotimage="file=&apos;hover\frameBorderEffect_mouseDownDraw.png&apos; corner=&apos;5,5,20,5&apos;" group="gsetup" selectedimage="file=&apos;button\BtnBackgroundPushed.png&apos; corner=&apos;2,2,22,2&apos;" />
                    <Option name="opt_advance" text="高级设置" float="true" pos="5,74,0,0" width="176" height="30" textcolor="#FF000000" disabledtextcolor="#FFA7A6AA" align="center" normalimage="file=&apos;button\BtnBackgroundNormal.png&apos; corner=&apos;2,2,22,2&apos;" hotimage="file=&apos;hover\frameBorderEffect_mouseDownDraw.png&apos; corner=&apos;5,5,20,5&apos;" group="gsetup" selectedimage="file=&apos;button\BtnBackgroundPushed.png&apos; corner=&apos;2,2,22,2&apos;" />
                </VerticalLayout>
                <VerticalLayout>
                    <VerticalLayout>
                        <TabLayout name="tab_setup">
                            <VerticalLayout>
                                <Option name="base_AutoRun" float="true" pos="51,36,0,0" width="15" height="15" textcolor="#FF000000" disabledtextcolor="#FFA7A6AA" align="center" normalimage="check\checkbox_normal.png" selectedimage="check\checkbox_tick_normal.png" />
                                <Option name="base_shortcut" float="true" pos="51,65,0,0" width="15" height="15" textcolor="#FF000000" disabledtextcolor="#FFA7A6AA" align="center" normalimage="check\checkbox_normal.png" selectedimage="check\checkbox_tick_normal.png" />
                                <Option name="base_userproject" float="true" pos="51,308,0,0" width="15" height="15" textcolor="#FF000000" disabledtextcolor="#FFA7A6AA" align="center" normalimage="check\checkbox_normal.png" selectedimage="check\checkbox_tick_normal.png" />
                                <Option name="base_settop" float="true" pos="51,143,0,0" width="15" height="15" textcolor="#FF000000" disabledtextcolor="#FFA7A6AA" align="center" normalimage="check\checkbox_normal.png" selectedimage="check\checkbox_tick_normal.png" />
                                <Label text="系统设置{i line\HorizonLine.png}" float="true" pos="28,0,0,0" width="288" height="30" textcolor="#FF000000" disabledtextcolor="#FFA7A6AA" showhtml="true" />
                                <Label text="主面板{i line\HorizonLine.png}" float="true" pos="28,107,0,0" width="288" height="30" textcolor="#FF000000" disabledtextcolor="#FFA7A6AA" showhtml="true" />
                                <Label text="关闭主面板时:" float="true" pos="51,165,0,0" width="265" height="30" textcolor="#FF000000" disabledtextcolor="#FFA7A6AA" />
                                <Label text="其它{i line\HorizonLine.png}" float="true" pos="28,272,0,0" width="288" height="30" textcolor="#FF000000" disabledtextcolor="#FFA7A6AA" showhtml="true" />
                                <Option name="base_optNoExit" float="true" pos="51,202,0,0" width="15" height="15" textcolor="#FF000000" disabledtextcolor="#FFA7A6AA" align="center" normalimage="check\radiobtn_highlight.png" group="group_exit" selectedimage="check\radiobtn_tick_highlight.png" />
                                <Option name="base_optExit" float="true" pos="51,230,0,0" width="15" height="15" textcolor="#FF000000" disabledtextcolor="#FFA7A6AA" align="center" normalimage="check\radiobtn_highlight.png" group="group_exit" selectedimage="check\radiobtn_tick_highlight.png" />
                                <Label text="开机启动" float="true" pos="70,29,0,0" width="239" height="30" textcolor="#FF000000" disabledtextcolor="#FFA7A6AA" />
                                <Label text="创建桌面快捷方式" float="true" pos="70,58,0,0" width="239" height="30" textcolor="#FF000000" disabledtextcolor="#FFA7A6AA" />
                                <Label text="始终保持在其它窗口前端" float="true" pos="70,136,0,0" width="239" height="30" textcolor="#FF000000" disabledtextcolor="#FFA7A6AA" />
                                <Label text="隐藏到通知栏任务区域,不退出程序" float="true" pos="70,194,0,0" width="239" height="30" textcolor="#FF000000" disabledtextcolor="#FFA7A6AA" />
                                <Label text="退出程序" float="true" pos="70,223,0,0" width="239" height="30" textcolor="#FF000000" disabledtextcolor="#FFA7A6AA" />
                                <Label text="加入用户体验计划" float="true" pos="70,301,0,0" width="239" height="30" textcolor="#FF000000" disabledtextcolor="#FFA7A6AA" />
                            </VerticalLayout>
                            <VerticalLayout>
                                <Label text="语音播报开关{i line\HorizonLine.png}" float="true" pos="22,9,0,0" width="225" height="30" textcolor="#FF000000" disabledtextcolor="#FFA7A6AA" showhtml="true" />
                                <Option name="read_optSound" float="true" pos="320,15,0,0" width="70" height="19" textcolor="#FF000000" disabledtextcolor="#FFA7A6AA" align="center" normalimage="file=&apos;check\btn_switch_gray_off.png&apos; source=&apos;0,0,71,19&apos; corner=&apos;2,2,2,2&apos;" selectedimage="file=&apos;check\btn_switch_gray_on.png&apos; source=&apos;0,0,71,19&apos; corner=&apos;2,2,2,2&apos;" />
                                <Combo name="read_cbbVoice" float="true" pos="106,42,0,0" width="110" height="22" itemtextcolor="#FF000000" itemselectedtextcolor="#FF000000" itemselectedbkcolor="#FFC1E3FF" itemhottextcolor="#FF000000" itemhotbkcolor="#FFE9F5FF" itemdisabledtextcolor="#FFCCCCCC" itemdisabledbkcolor="#FFFFFFFF" normalimage="file=&apos;combo.png&apos; source=&apos;0,0,100,22&apos; corner=&apos;2,2,22,2&apos;" hotimage="file=&apos;combo.png&apos; source=&apos;0,22,100,44&apos; corner=&apos;2,2,22,2&apos;" pushedimage="file=&apos;combo.png&apos; source=&apos;0,44,100,66&apos; corner=&apos;2,2,22,2&apos;" dropboxsize="0,150" />
                                <Label text="语音" float="true" pos="47,38,0,0" width="60" height="30" textcolor="#FF000000" disabledtextcolor="#FFA7A6AA" />
                                <Label text="语速" float="true" pos="47,67,0,0" width="60" height="30" textcolor="#FF000000" disabledtextcolor="#FFA7A6AA" />
                                <Combo name="read_cbbSpeed" float="true" pos="106,71,0,0" width="110" height="23" itemtextcolor="#FF000000" itemselectedtextcolor="#FF000000" itemselectedbkcolor="#FFC1E3FF" itemhottextcolor="#FF000000" itemhotbkcolor="#FFE9F5FF" itemdisabledtextcolor="#FFCCCCCC" itemdisabledbkcolor="#FFFFFFFF" normalimage="file=&apos;combo.png&apos; source=&apos;0,0,100,22&apos; corner=&apos;2,2,22,2&apos;" hotimage="file=&apos;combo.png&apos; source=&apos;0,22,100,44&apos; corner=&apos;2,2,22,2&apos;" pushedimage="file=&apos;combo.png&apos; source=&apos;0,44,100,66&apos; corner=&apos;2,2,22,2&apos;" dropboxsize="0,150">
                                    <ListLabelElement text="慢速" height="23"/>
                                    <ListLabelElement text="中速" selected="true" height="23" />
                                    <ListLabelElement text="快速" height="23" />
                                </Combo>
                                <Label text="音量" float="true" pos="47,96,0,0" width="60" height="30" textcolor="#FF000000" disabledtextcolor="#FFA7A6AA" />
                                <Label text="自动翻页开关{i line\HorizonLine.png}" float="true" pos="22,141,0,0" width="225" height="30" textcolor="#FF000000" disabledtextcolor="#FFA7A6AA" showhtml="true" />
                                <Label text="定时" float="true" pos="47,170,0,0" width="60" height="30" textcolor="#FF000000" disabledtextcolor="#FFA7A6AA" />
                                <Edit name="read_edtTimer" float="true" pos="106,174,0,0" width="110" height="21" bkcolor="#FFFFFFFF" textpadding="4,3,4,3" textcolor="#FF000000" disabledtextcolor="#FFA7A6AA" normalimage="file=&apos;hover\4_button_backgroune.png&apos; corner=&apos;2,2,22,2&apos;" hotimage="file=&apos;hover\frameBorderEffect_mouseDownDraw.png&apos; corner=&apos;2,2,22,2&apos;" focusedimage="file=&apos;hover\ComboBoxList_bkg.png&apos; corner=&apos;2,2,22,2&apos;" />
                                <Label text="字体个性设置{i line\HorizonLine.png}" float="true" pos="22,215,0,0" width="225" height="30" textcolor="#FF000000" disabledtextcolor="#FFA7A6AA" showhtml="true" />
                                <Slider name="read_volume" tooltip="0.0%" float="true" pos="106,97,0,0" width="110" height="22" bkimage="slider\SliderBack.png" textcolor="#FF000000" disabledtextcolor="#FFA7A6AA" align="center" foreimage="slider\SliderFore.png" min="0" max="1000" value="0" hor="true" thumbhotimage="file=&apos;slider\SliderBar.png&apos; source=&apos;21,0,41,20&apos;" thumbpushedimage="file=&apos;slider\SliderBar.png&apos; source=&apos;42,0,62,20&apos;" thumbsize="20,20" />
                                <Option name="read_optAuto" float="true" pos="320,146,0,0" width="70" height="19" textcolor="#FF000000" disabledtextcolor="#FFA7A6AA" align="center" normalimage="file=&apos;check\btn_switch_gray_off.png&apos; source=&apos;0,0,71,19&apos; corner=&apos;2,2,2,2&apos;" selectedimage="file=&apos;check\btn_switch_gray_on.png&apos; source=&apos;0,0,71, 19&apos; corner=&apos;2,2,2,2&apos;" />
                                <Label text="阅读背景设置{i line\HorizonLine.png}" float="true" pos="22,287,0,0" width="225" height="30" textcolor="#FF000000" disabledtextcolor="#FFA7A6AA" showhtml="true" />
                                <Combo name="read_cbbFont" float="true" pos="106,248,0,0" width="110" height="23" itemtextcolor="#FF000000" itemselectedtextcolor="#FF000000" itemselectedbkcolor="#FFC1E3FF" itemhottextcolor="#FF000000" itemhotbkcolor="#FFE9F5FF" itemdisabledtextcolor="#FFCCCCCC" itemdisabledbkcolor="#FFFFFFFF" normalimage="file=&apos;combo.png&apos; source=&apos;0,0,100,22&apos; corner=&apos;2,2,22,2&apos;" hotimage="file=&apos;combo.png&apos; source=&apos;0,22,100,44&apos; corner=&apos;2,2,22,2&apos;" pushedimage="file=&apos;combo.png&apos; source=&apos;0,44,100,66&apos; corner=&apos;2,2,22,2&apos;" dropboxsize="0,150">
                                    <ListLabelElement />
                                    <ListLabelElement />
                                    <ListLabelElement />
                                </Combo>
                                <Combo name="read_cbbSize" float="true" pos="217,248,0,0" width="50" height="23" itemtextcolor="#FF000000" itemselectedtextcolor="#FF000000" itemselectedbkcolor="#FFC1E3FF" itemhottextcolor="#FF000000" itemhotbkcolor="#FFE9F5FF" itemdisabledtextcolor="#FFCCCCCC" itemdisabledbkcolor="#FFFFFFFF" normalimage="file=&apos;combo.png&apos; source=&apos;0,0,100,22&apos; corner=&apos;2,2,22,2&apos;" hotimage="file=&apos;combo.png&apos; source=&apos;0,22,100,44&apos; corner=&apos;2,2,22,2&apos;" pushedimage="file=&apos;combo.png&apos; source=&apos;0,44,100,66&apos; corner=&apos;2,2,22,2&apos;" dropboxsize="0,150">
                                    <ListLabelElement />
                                    <ListLabelElement />
                                    <ListLabelElement />
                                </Combo>
                                <Option name="read_optBold" float="true" pos="268,248,0,0" width="23" height="23" textcolor="#FF000000" disabledtextcolor="#FFA7A6AA" align="center" />
                                <Option name="read_optItalic" float="true" pos="292,248,0,0" width="23" height="23" textcolor="#FF000000" disabledtextcolor="#FFA7A6AA" align="center" />
                                <Option name="read_cr0" float="true" pos="22,316,0,0" width="50" height="50" bkcolor="#FFFF5757" textcolor="#FF000000" disabledtextcolor="#FFA7A6AA" align="center" hotimage="file=&apos;hover\aio_toolbar_down.png&apos; corner=&apos;2,2,2,2&apos;" group="group_color" selectedimage="anydo.png" />
                                <Option name="read_cr1" float="true" pos="75,316,0,0" width="50" height="50" bkcolor="#FFFF4200" textcolor="#FF000000" disabledtextcolor="#FFA7A6AA" align="center" hotimage="file=&apos;hover\aio_toolbar_down.png&apos; corner=&apos;2,2,2,2&apos;" group="group_color" selectedimage="anydo.png" />
                                <Option name="read_cr2" float="true" pos="128,316,0,0" width="50" height="50" bkcolor="#FFFFFF57" textcolor="#FF000000" disabledtextcolor="#FFA7A6AA" align="center" hotimage="file=&apos;hover\aio_toolbar_down.png&apos; corner=&apos;2,2,2,2&apos;" group="group_color" selectedimage="anydo.png" />
                                <Option name="read_cr3" float="true" pos="181,316,0,0" width="50" height="50" bkcolor="#FF5DFF57" textcolor="#FF000000" disabledtextcolor="#FFA7A6AA" align="center" hotimage="file=&apos;hover\aio_toolbar_down.png&apos; corner=&apos;2,2,2,2&apos;" group="group_color" selectedimage="anydo.png" />
                                <Option name="read_cr4" float="true" pos="234,316,0,0" width="50" height="50" bkcolor="#FF16FF00" textcolor="#FF000000" disabledtextcolor="#FFA7A6AA" align="center" hotimage="file=&apos;hover\aio_toolbar_down.png&apos; corner=&apos;2,2,2,2&apos;" group="group_color" selectedimage="anydo.png" />
                                <Option name="read_cr5" float="true" pos="287,316,0,0" width="50" height="50" bkcolor="#FF00C0FF" textcolor="#FF000000" disabledtextcolor="#FFA7A6AA" align="center" hotimage="file=&apos;hover\aio_toolbar_down.png&apos; corner=&apos;2,2,2,2&apos;" group="group_color" selectedimage="anydo.png" />
                                <Option name="read_cr6" float="true" pos="340,316,0,0" width="50" height="50" bkcolor="#FFFF00FF" textcolor="#FF000000" disabledtextcolor="#FFA7A6AA" align="center" hotimage="file=&apos;hover\aio_toolbar_down.png&apos; corner=&apos;2,2,2,2&apos;" group="group_color" selectedimage="anydo.png" />
                            </VerticalLayout>
                            <VerticalLayout>
                                <Label text="在线升级{i line\HorizonLine.png}" float="true" pos="31,13,0,0" width="246" height="30" textcolor="#FF000000" disabledtextcolor="#FFA7A6AA" showhtml="true" />
                                <Label text="搜索引擎{i line\HorizonLine.png}" float="true" pos="31,214,0,0" width="246" height="30" textcolor="#FF000000" disabledtextcolor="#FFA7A6AA" showhtml="true" />
                                <Label text="自动更新程序能够自动找到可用更新并通知您" float="true" pos="70,42,0,0" width="249" height="30" textcolor="#FF000000" disabledtextcolor="#FFA7A6AA" />
                                <Label text="请选择自动更新方式" float="true" pos="70,71,0,0" width="249" height="30" textcolor="#FF000000" disabledtextcolor="#FFA7A6AA" />
                                <Option name="advance_optAuto" float="true" pos="85,107,0,0" width="15" height="15" textcolor="#FF000000" disabledtextcolor="#FFA7A6AA" align="center" group="g_upgrade" normalimage="check\radiobtn_highlight.png" selectedimage="check\radiobtn_tick_highlight.png" />
                                <Label text="自动更新(推荐)" float="true" pos="102,100,0,0" width="249" height="30" textcolor="#FF000000" disabledtextcolor="#FFA7A6AA" />
                                <Option name="advance_optHint" float="true" pos="85,138,0,0" width="15" height="15" textcolor="#FF000000" disabledtextcolor="#FFA7A6AA" align="center" group="g_upgrade" normalimage="check\radiobtn_highlight.png" selectedimage="check\radiobtn_tick_highlight.png" />
                                <Label text="不自动下载,有更新时提示我" float="true" pos="102,131,0,0" width="249" height="30" textcolor="#FF000000" disabledtextcolor="#FFA7A6AA" />
                                <Option name="advance_optNor" float="true" pos="85,170,0,0" width="15" height="15" textcolor="#FF000000" disabledtextcolor="#FFA7A6AA" align="center"group="g_upgrade" normalimage="check\radiobtn_highlight.png" selectedimage="check\radiobtn_tick_highlight.png" />
                                <Label text="关闭自动更新" float="true" pos="102,163,0,0" width="249" height="30" textcolor="#FF000000" disabledtextcolor="#FFA7A6AA" />
                                <Label text="选择搜索引擎" float="true" pos="70,243,0,0" width="78" height="30" textcolor="#FF000000" disabledtextcolor="#FFA7A6AA" />
                                <Combo name="advance_cbbEngine" float="true" pos="148,247,0,0" width="110" height="25" textpadding="2,2,0,2" itemtextcolor="#FF000000" itemselectedtextcolor="#FF000000" itemselectedbkcolor="#FFC1E3FF" itemhottextcolor="#FF000000" itemhotbkcolor="#FFE9F5FF" itemdisabledtextcolor="#FFCCCCCC" itemdisabledbkcolor="#FFFFFFFF" normalimage="file=&apos;combobox_btn.png&apos; source=&apos;0,0,85,25&apos; corner=&apos;2,2,22,2&apos;" hotimage="file=&apos;combobox_btn.png&apos; source=&apos;85,0,170,25&apos; corner=&apos;2,2,22,2&apos;" pushedimage="file=&apos;combobox_btn.png&apos; source=&apos;170,0,255,25&apos; corner=&apos;2,2,22,2&apos;" disabledimage="file=&apos;combobox_btn.png&apos; source=&apos;255,0,340,25&apos; corner=&apos;2,2,22,2&apos;" dropboxsize="0,150">
                                    <ListLabelElement text="谷歌搜索" height="23" />
                                    <ListLabelElement text="百度搜索" height="23" />
                                    <ListLabelElement text="必应搜索" height="23" />
                                </Combo>
                                <Label name="advance_labelEngine" float="true" pos="148,247,0,0" width="87" height="25" textpadding="2,2,0,2" textcolor="#FF000000" disabledtextcolor="#FFA7A6AA" />                                                
                            </VerticalLayout>
                        </TabLayout>
                    </VerticalLayout>
                </VerticalLayout>
            </HorizontalLayout>
            <VerticalLayout height="35">
                <HorizontalLayout>
                    <HorizontalLayout height="35" />
                    <HorizontalLayout width="277" height="35">
                        <Button name="btnsure" text="确定" float="true" pos="5,4,0,0" width="82" height="25" textcolor="#FF000000" disabledtextcolor="#FFA7A6AA" align="center" normalimage="file=&apos;button\login_btn_normal.png&apos; corner=&apos;5,5,5,5&apos;" hotimage="file=&apos;button\login_btn_highlight.png&apos; corner=&apos;5,5,5,5&apos;" pushedimage="file=&apos;button\login_btn_focus.png&apos; corner=&apos;5,5,5,5&apos;" disabledimage="file=&apos;button\login_btn_normal.png&apos; corner=&apos;5,5,5,5&apos;" />
                        <Button name="btncancel" text="取消" float="true" pos="94,4,0,0" width="82" height="25" textcolor="#FF000000" disabledtextcolor="#FFA7A6AA" align="center" normalimage="file=&apos;button\login_btn_normal.png&apos; corner=&apos;5,5,5,5&apos;" hotimage="file=&apos;button\login_btn_highlight.png&apos; corner=&apos;5,5,5,5&apos;" pushedimage="file=&apos;button\login_btn_focus.png&apos; corner=&apos;5,5,5,5&apos;" disabledimage="file=&apos;button\login_btn_normal.png&apos; corner=&apos;5,5,5,5&apos;" />
                        <Button name="btnexecute" text="应用" float="true" pos="183,4,0,0" width="82" height="25" textcolor="#FF000000" disabledtextcolor="#FFA7A6AA" align="center" normalimage="file=&apos;button\login_btn_normal.png&apos; corner=&apos;5,5,5,5&apos;" hotimage="file=&apos;button\login_btn_highlight.png&apos; corner=&apos;5,5,5,5&apos;" pushedimage="file=&apos;button\login_btn_focus.png&apos; corner=&apos;5,5,5,5&apos;" disabledimage="file=&apos;button\login_btn_normal.png&apos; corner=&apos;5,5,5,5&apos;" />
                    </HorizontalLayout>
                </HorizontalLayout>
            </VerticalLayout>
        </VerticalLayout>
    </VerticalLayout>
</Window>
