<?xml version="1.0" encoding="utf-8" standalone="yes" ?>
<Window size="311,169" caption="0,0,0,40" roundcorner="5,5">
    <VerticalLayout name="bg" width="276" height="181" bkimage="file=&apos;bg.bmp&apos; corner=&apos;4,4,2,2&apos; mask=&apos;0xffffffff&apos;">
        <Button name="skin01" float="true" pos="10,14,0,0" width="40" height="40" bkimage="frame\1.png" textcolor="#FF000000" disabledtextcolor="#FFA7A6AA" align="center" hotimage="file=&apos;hover\btn_hot.png&apos; corner=&apos;2,8,2,2&apos;" />
        <Button name="skin02" float="true" pos="60,14,0,0" width="40" height="40" bkimage="frame\2.png" textcolor="#FF000000" disabledtextcolor="#FFA7A6AA" align="center" hotimage="file=&apos;hover\btn_hot.png&apos; corner=&apos;2,8,2,2&apos;" />
        <Button name="skin03" float="true" pos="110,14,0,0" width="40" height="40" bkimage="frame\3.png" textcolor="#FF000000" disabledtextcolor="#FFA7A6AA" align="center" hotimage="file=&apos;hover\btn_hot.png&apos; corner=&apos;2,8,2,2&apos;" />
        <Button name="skin04" float="true" pos="160,14,0,0" width="40" height="40" bkimage="frame\4.png" textcolor="#FF000000" disabledtextcolor="#FFA7A6AA" align="center" hotimage="file=&apos;hover\btn_hot.png&apos; corner=&apos;2,8,2,2&apos;" />
        <Button name="skin06" float="true" pos="261,14,0,0" width="40" height="40" bkimage="frame\6.png" textcolor="#FF000000" disabledtextcolor="#FFA7A6AA" align="center" hotimage="file=&apos;hover\btn_hot.png&apos; corner=&apos;2,8,2,2&apos;" />
        <Button name="skin07" float="true" pos="10,64,0,0" width="40" height="40" bkimage="frame\7.png" textcolor="#FF000000" disabledtextcolor="#FFA7A6AA" align="center" hotimage="file=&apos;hover\btn_hot.png&apos; corner=&apos;2,8,2,2&apos;" />
        <Button name="skin08" float="true" pos="60,64,0,0" width="40" height="40" bkimage="frame\8.png" textcolor="#FF000000" disabledtextcolor="#FFA7A6AA" align="center" hotimage="file=&apos;hover\btn_hot.png&apos; corner=&apos;2,8,2,2&apos;" />
        <Button name="skin09" float="true" pos="110,64,0,0" width="40" height="40" bkimage="frame\9.png" textcolor="#FF000000" disabledtextcolor="#FFA7A6AA" align="center" hotimage="file=&apos;hover\btn_hot.png&apos; corner=&apos;2,8,2,2&apos;" />
        <Button name="skin05" float="true" pos="210,14,0,0" width="40" height="40" bkimage="frame\5.png" textcolor="#FF000000" disabledtextcolor="#FFA7A6AA" align="center" hotimage="file=&apos;hover\btn_hot.png&apos; corner=&apos;2,8,2,2&apos;" />
        <Button name="skin10" float="true" pos="160,64,0,0" width="40" height="40" bkimage="frame\10.png" textcolor="#FF000000" disabledtextcolor="#FFA7A6AA" align="center" hotimage="file=&apos;hover\btn_hot.png&apos; corner=&apos;2,8,2,2&apos;" />
        <Button name="skin12" float="true" pos="261,64,0,0" width="40" height="40" bkimage="frame\12.png" textcolor="#FF000000" disabledtextcolor="#FFA7A6AA" align="center" hotimage="file=&apos;hover\btn_hot.png&apos; corner=&apos;2,8,2,2&apos;" />
        <Button name="skin13" float="true" pos="10,115,0,0" width="40" height="40" bkimage="frame\13.png" textcolor="#FF000000" disabledtextcolor="#FFA7A6AA" align="center" hotimage="file=&apos;hover\btn_hot.png&apos; corner=&apos;2,8,2,2&apos;" />
        <Button name="skin11" float="true" pos="210,64,0,0" width="40" height="40" bkimage="frame\11.png" textcolor="#FF000000" disabledtextcolor="#FFA7A6AA" align="center" hotimage="file=&apos;hover\btn_hot.png&apos; corner=&apos;2,8,2,2&apos;" />
        <Button name="skin14" float="true" pos="60,115,0,0" width="40" height="40" bkimage="frame\14.png" textcolor="#FF000000" disabledtextcolor="#FFA7A6AA" align="center" hotimage="file=&apos;hover\btn_hot.png&apos; corner=&apos;2,8,2,2&apos;" />
        <Button name="skin15" float="true" pos="110,115,0,0" width="40" height="40" bkimage="frame\15.png" textcolor="#FF000000" disabledtextcolor="#FFA7A6AA" align="center" hotimage="file=&apos;hover\btn_hot.png&apos; corner=&apos;2,8,2,2&apos;" />
        <Button name="skin16" float="true" pos="160,115,0,0" width="40" height="40" bkimage="frame\16.png" textcolor="#FF000000" disabledtextcolor="#FFA7A6AA" align="center" hotimage="file=&apos;hover\btn_hot.png&apos; corner=&apos;2,8,2,2&apos;" />
        <Button name="skin17" float="true" pos="210,115,0,0" width="40" height="40" bkimage="frame\17.png" textcolor="#FF000000" disabledtextcolor="#FFA7A6AA" align="center" hotimage="file=&apos;hover\btn_hot.png&apos; corner=&apos;2,8,2,2&apos;" />
        <Button name="skin18" float="true" pos="261,115,0,0" width="40" height="40" bkimage="frame\18.png" textcolor="#FF000000" disabledtextcolor="#FFA7A6AA" align="center" hotimage="file=&apos;hover\btn_hot.png&apos; corner=&apos;2,8,2,2&apos;" />
    </VerticalLayout>
</Window>
