<?xml version="1.0" encoding="utf-8" standalone="yes" ?>
<Window>
    <ListContainerElement>
        <VerticalLayout>
            <VerticalLayout width="400" height="32">
                <HorizontalLayout>
                    <VerticalLayout name="logo_container" width="50">
                        <Button name="logo" width="32" height="32" textcolor="#FF000000" disabledtextcolor="#FFA7A6AA" align="center" />
                    </VerticalLayout>
                    <VerticalLayout>
                        <HorizontalLayout>
                            <Label name="nickname" height="32" textcolor="#FF000000" disabledtextcolor="#FF808080" showhtml="true" />
                        </HorizontalLayout>
                    </VerticalLayout>
                </HorizontalLayout>
            </VerticalLayout>
        </VerticalLayout>
    </ListContainerElement>
</Window>
